日期,收盘,开盘,高峰,低峰,交易量,涨跌幅
2020年3月27日,42.00,43.88,44.00,41.60,25.54M,-2.69%
2020年3月26日,43.16,42.41,44.35,41.61,36.82M,1.84%
2020年3月25日,42.38,41.50,42.74,41.08,32.64M,5.29%
2020年3月24日,40.25,42.80,43.75,38.00,50.83M,-3.55%
2020年3月23日,41.73,42.45,43.74,41.50,24.80M,-4.94%
2020年3月20日,43.90,44.87,45.10,42.93,24.27M,-0.45%
2020年3月19日,44.10,42.20,44.39,41.51,35.53M,3.74%
2020年3月18日,42.51,44.00,45.28,42.28,39.42M,-3.30%
2020年3月17日,43.96,43.10,44.39,41.20,45.39M,5.80%
2020年3月16日,41.55,43.40,44.68,41.01,35.52M,-5.12%
2020年3月13日,43.79,40.70,44.95,40.70,43.31M,1.93%
2020年3月12日,42.96,42.00,43.65,41.02,36.77M,0.85%
2020年3月11日,42.60,45.27,45.27,42.52,44.25M,-5.96%
2020年3月10日,45.30,44.18,45.49,42.42,47.97M,3.42%
2020年3月9日,43.80,45.42,45.42,43.00,43.33M,-5.85%
2020年3月6日,46.52,45.96,47.75,45.25,32.37M,-1.34%
2020年3月5日,47.15,50.17,50.50,45.68,64.57M,-4.15%
2020年3月4日,49.19,52.90,54.85,48.07,63.46M,-7.90%
2020年3月3日,53.41,50.20,54.34,49.66,57.72M,8.12%
2020年3月2日,49.40,47.40,50.67,44.66,59.20M,7.25%
2020年2月28日,46.06,48.50,49.73,45.86,61.19M,-8.17%
2020年2月27日,50.16,45.12,50.16,45.12,74.36M,10.00%
2020年2月26日,45.60,44.90,46.00,43.39,54.79M,-1.53%
2020年2月25日,46.31,46.10,48.24,43.03,48.99M,-1.72%
2020年2月24日,47.12,44.81,48.50,44.68,42.14M,4.69%
2020年2月21日,45.01,43.30,45.99,43.30,42.90M,3.97%
2020年2月20日,43.29,43.13,44.27,42.45,52.19M,-0.62%
2020年2月19日,43.56,44.09,45.09,43.55,43.98M,-2.57%
2020年2月18日,44.71,43.00,45.00,43.00,47.57M,1.59%
2020年2月17日,44.01,43.40,44.65,42.38,36.86M,3.12%
2020年2月14日,42.68,41.71,45.20,41.55,46.25M,0.85%
2020年2月13日,42.32,41.90,43.70,40.78,70.83M,-0.66%
2020年2月12日,42.60,38.50,42.60,38.03,67.89M,9.99%
2020年2月11日,38.73,38.70,39.17,37.52,39.82M,0.26%
2020年2月10日,38.63,37.96,39.88,37.05,56.61M,1.39%
2020年2月7日,38.10,37.99,39.20,36.56,67.37M,6.31%
2020年2月6日,35.84,33.01,35.84,32.60,33.41M,10.01%
2020年2月5日,32.58,32.00,33.60,31.68,33.73M,3.59%
2020年2月4日,31.45,29.59,31.61,29.50,42.83M,7.34%
2020年2月3日,29.30,29.30,30.38,29.30,39.39M,-10.01%
2020年1月23日,32.56,33.67,34.34,32.15,30.64M,-4.18%
2020年1月22日,33.98,33.58,34.66,32.55,27.22M,1.13%
2020年1月21日,33.60,33.55,34.37,33.30,21.62M,-0.86%
2020年1月20日,33.89,32.89,34.27,32.27,34.70M,3.67%
2020年1月17日,32.69,32.77,33.24,32.01,40.64M,3.03%
2020年1月16日,31.73,31.95,32.18,31.59,16.47M,-0.53%
2020年1月15日,31.90,31.78,31.99,31.18,19.95M,0.31%
2020年1月14日,31.80,32.38,32.38,31.60,39.18M,-1.09%
2020年1月13日,32.15,30.95,32.22,30.91,58.59M,4.21%
2020年1月10日,30.85,31.75,31.88,30.72,31.35M,-1.91%
2020年1月9日,31.45,30.98,31.90,30.90,34.68M,2.58%
2020年1月8日,30.66,30.51,30.92,30.41,27.37M,-0.65%
2020年1月7日,30.86,30.85,30.99,30.40,21.80M,0.69%
2020年1月6日,30.65,30.15,31.09,29.90,33.81M,1.06%
2020年1月3日,30.33,30.34,30.60,29.91,24.74M,0.23%
2020年1月2日,30.26,28.59,30.31,28.59,41.13M,6.55%
2019年12月31日,28.40,28.40,28.84,28.38,12.77M,0.42%
2019年12月30日,28.28,28.17,28.58,27.80,14.16M,0.46%
2019年12月27日,28.15,28.95,29.14,28.12,16.61M,-2.53%
2019年12月26日,28.88,28.70,28.92,28.51,7.56M,0.70%
2019年12月25日,28.68,28.56,29.04,28.43,11.91M,0.10%
2019年12月24日,28.65,28.32,28.86,28.03,14.22M,1.09%
2019年12月23日,28.34,29.01,29.36,28.28,15.24M,-2.95%
2019年12月20日,29.20,29.95,30.20,29.15,14.58M,-2.47%
2019年12月19日,29.94,30.20,30.45,29.72,14.12M,-0.86%
2019年12月18日,30.20,30.35,30.74,30.11,16.06M,-0.59%
2019年12月17日,30.38,30.40,30.68,30.00,21.02M,-0.23%
2019年12月16日,30.45,29.95,30.49,29.75,22.93M,2.53%
2019年12月13日,29.70,29.58,29.70,29.14,17.37M,1.89%
2019年12月12日,29.15,28.85,29.57,28.69,14.54M,1.18%
2019年12月11日,28.81,29.39,29.72,28.81,14.34M,-1.87%
2019年12月10日,29.36,29.29,29.48,28.93,13.03M,0.00%
2019年12月9日,29.36,28.92,29.61,28.71,18.09M,1.66%
2019年12月6日,28.88,28.70,28.96,28.48,12.35M,0.21%
2019年12月5日,28.82,28.61,28.99,28.40,16.58M,1.05%
2019年12月4日,28.52,27.95,28.66,27.85,12.03M,1.31%
2019年12月3日,28.15,27.67,28.17,27.60,9.78M,1.33%
2019年12月2日,27.78,27.90,28.20,27.64,11.33M,0.07%
2019年11月29日,27.76,27.85,27.86,27.41,10.56M,-0.32%
2019年11月28日,27.85,27.76,28.06,27.60,8.31M,0.07%
2019年11月27日,27.83,27.88,28.19,27.55,9.38M,-0.96%
2019年11月26日,28.10,28.17,28.20,27.63,13.27M,0.83%
2019年11月25日,27.87,28.85,28.85,27.28,21.51M,-3.73%
2019年11月22日,28.95,29.88,30.18,28.82,16.89M,-2.59%
2019年11月21日,29.72,30.25,30.25,29.63,14.63M,-2.01%
2019年11月20日,30.33,30.26,31.06,30.10,23.83M,0.46%
2019年11月19日,30.19,29.96,30.21,29.58,18.48M,1.11%
2019年11月18日,29.86,30.10,30.37,29.50,15.05M,-1.45%
2019年11月15日,30.30,29.66,30.70,29.50,27.19M,2.33%
2019年11月14日,29.61,28.94,29.96,28.73,18.68M,2.85%
2019年11月13日,28.79,28.70,29.09,28.61,12.50M,0.35%
2019年11月12日,28.69,28.69,28.96,28.04,10.76M,0.00%
2019年11月11日,28.69,29.20,29.45,28.40,13.29M,-3.07%
2019年11月8日,29.60,29.89,29.98,29.58,13.35M,0.07%
2019年11月7日,29.58,29.01,29.67,28.91,12.83M,1.48%
2019年11月6日,29.15,29.55,29.76,28.89,16.98M,-1.52%
2019年11月5日,29.60,29.90,29.99,29.44,18.87M,-0.44%
2019年11月4日,29.73,29.60,30.29,29.43,18.65M,0.71%
2019年11月1日,29.52,29.35,29.77,29.08,13.24M,-0.17%
2019年10月31日,29.57,29.52,30.45,29.24,19.27M,0.24%
2019年10月30日,29.50,30.30,30.30,28.83,24.44M,-3.28%
2019年10月29日,30.50,32.18,32.47,30.50,42.90M,-7.32%
2019年10月28日,32.91,32.44,33.28,31.52,51.06M,7.55%
2019年10月25日,30.60,30.25,30.63,29.92,8.61M,1.22%
2019年10月24日,30.23,30.66,30.73,29.89,10.82M,-1.34%
2019年10月23日,30.64,31.38,31.50,30.49,14.56M,-2.70%
2019年10月22日,31.49,30.49,31.55,30.49,17.41M,3.25%
2019年10月21日,30.50,30.28,30.70,29.64,11.43M,0.73%
2019年10月18日,30.28,30.94,31.32,30.28,11.08M,-1.88%
2019年10月17日,30.86,30.87,31.15,30.65,9.14M,-0.03%
2019年10月16日,30.87,30.62,31.37,30.26,19.60M,1.35%
2019年10月15日,30.46,31.80,31.80,30.15,26.30M,-4.75%
2019年10月14日,31.98,31.97,32.16,31.47,18.44M,1.40%
2019年10月11日,31.54,32.30,32.61,31.11,23.83M,-1.74%
2019年10月10日,32.10,31.56,32.20,31.16,19.63M,2.33%
2019年10月9日,31.37,30.92,31.76,30.50,15.62M,1.46%
2019年10月8日,30.92,31.03,31.68,30.80,14.65M,0.10%
2019年9月30日,30.89,31.49,31.79,30.78,15.03M,-1.31%
2019年9月27日,31.30,31.75,31.89,31.10,18.20M,-1.26%
2019年9月26日,31.70,32.99,32.99,31.06,23.76M,-2.82%
2019年9月25日,32.62,33.22,33.60,32.06,21.11M,-2.01%
2019年9月24日,33.29,32.92,33.97,32.55,27.85M,1.15%
2019年9月23日,32.91,34.53,34.53,31.95,49.05M,-5.02%
2019年9月20日,34.65,34.82,35.22,34.42,20.14M,-0.43%
2019年9月19日,34.80,34.01,34.80,33.50,24.33M,2.11%
2019年9月18日,34.08,34.11,34.15,33.35,17.02M,0.21%
2019年9月17日,34.01,34.16,34.42,33.30,23.66M,-0.18%
2019年9月16日,34.07,34.63,35.14,33.87,26.78M,-1.47%
2019年9月12日,34.58,34.81,34.88,34.14,13.06M,0.09%
2019年9月11日,34.55,34.90,35.23,34.01,18.33M,-0.55%
2019年9月10日,34.74,35.10,35.48,34.37,23.62M,-2.42%
2019年9月9日,35.60,34.50,35.63,34.00,27.95M,3.82%
2019年9月6日,34.29,35.18,35.66,33.70,28.28M,-2.53%
2019年9月5日,35.18,34.40,36.33,33.96,35.17M,4.02%
2019年9月4日,33.82,33.90,34.47,33.36,20.54M,-0.79%
2019年9月3日,34.09,33.80,34.19,33.31,20.83M,0.41%
2019年9月2日,33.95,32.06,34.13,32.06,29.37M,5.86%
2019年8月30日,32.07,33.50,34.48,31.79,33.47M,-3.14%
2019年8月29日,33.11,32.87,33.88,32.76,23.86M,0.64%
2019年8月28日,32.90,32.69,33.62,32.63,27.31M,-0.30%
2019年8月27日,33.00,31.65,33.17,31.10,36.68M,5.30%
2019年8月26日,31.34,30.80,31.62,30.75,19.28M,0.26%
2019年8月23日,31.26,31.50,31.77,30.94,16.88M,-1.04%
2019年8月22日,31.59,31.40,31.73,30.71,21.78M,1.28%
2019年8月21日,31.19,31.25,31.42,30.81,21.66M,-0.51%
2019年8月20日,31.35,31.73,32.17,30.99,30.55M,-0.73%
2019年8月19日,31.58,31.80,32.29,30.88,44.58M,1.22%
2019年8月16日,31.20,30.65,31.88,30.39,36.99M,0.81%
2019年8月15日,30.95,28.10,31.14,28.09,44.16M,7.17%
2019年8月14日,28.88,28.76,29.15,28.43,21.88M,2.63%
2019年8月13日,28.14,28.20,28.55,27.77,15.34M,-1.71%
2019年8月12日,28.63,27.78,28.66,27.34,21.39M,3.32%
2019年8月9日,27.71,27.79,28.58,27.55,26.28M,0.98%
2019年8月8日,27.44,27.00,27.48,26.80,13.22M,2.58%
2019年8月7日,26.75,27.27,27.44,26.65,13.58M,-1.55%
2019年8月6日,27.17,27.32,27.50,26.14,28.04M,-1.91%
2019年8月5日,27.70,28.19,28.90,27.58,20.53M,-2.84%
2019年8月2日,28.51,27.60,28.89,27.25,20.87M,0.18%
2019年8月1日,28.46,28.75,28.95,28.21,17.40M,-1.01%
2019年7月31日,28.75,28.38,29.00,28.30,16.53M,1.45%
2019年7月30日,28.34,29.20,29.20,28.31,22.50M,-2.95%
2019年7月29日,29.20,28.43,29.36,28.32,24.69M,3.22%
2019年7月26日,28.29,28.21,28.48,27.77,20.04M,-0.46%
2019年7月25日,28.42,28.35,28.75,28.10,23.12M,0.78%
2019年7月24日,28.20,27.67,29.12,27.45,39.42M,2.17%
2019年7月23日,27.60,26.60,27.66,26.31,25.15M,4.94%
2019年7月22日,26.30,26.98,26.98,25.83,12.93M,-1.72%
2019年7月19日,26.76,26.99,27.09,26.60,14.27M,-0.41%
2019年7月18日,26.87,26.94,27.19,26.60,15.07M,-0.30%
2019年7月17日,26.95,27.30,27.49,26.93,16.33M,-1.28%
2019年7月16日,27.30,26.70,27.61,26.58,26.08M,1.34%
2019年7月15日,26.94,25.27,27.20,25.01,34.83M,6.61%
2019年7月12日,25.27,25.34,25.47,25.01,8.14M,0.08%
2019年7月11日,25.25,25.60,25.65,25.11,10.55M,0.08%
2019年7月10日,25.23,25.51,25.67,25.07,10.15M,-0.90%
2019年7月9日,25.46,25.39,25.65,24.95,15.29M,0.63%
2019年7月8日,25.30,25.91,26.29,24.98,19.97M,-3.21%
2019年7月5日,26.14,26.15,26.35,25.75,14.95M,-0.08%
2019年7月4日,26.16,26.11,26.49,25.60,16.80M,0.19%
2019年7月3日,26.11,26.63,26.80,25.70,25.82M,-2.90%
2019年7月2日,26.89,27.51,27.67,26.62,25.38M,-3.20%
2019年7月1日,27.78,27.55,27.90,26.95,34.28M,3.35%
2019年6月28日,26.88,26.58,26.88,26.20,19.88M,1.47%
2019年6月27日,26.49,26.53,27.02,26.42,23.91M,-0.04%
2019年6月26日,26.50,26.10,27.04,26.10,18.95M,-0.49%
2019年6月25日,26.63,26.89,26.89,25.68,26.07M,-1.37%
2019年6月24日,27.00,26.99,27.20,26.42,25.94M,-0.11%
2019年6月21日,27.03,25.73,27.36,25.73,48.58M,5.22%
2019年6月20日,25.69,25.05,26.10,24.83,33.63M,2.55%
2019年6月19日,25.05,25.15,25.66,24.74,36.45M,3.26%
2019年6月18日,24.26,23.74,24.75,23.62,24.33M,1.51%
2019年6月17日,23.90,24.17,24.33,23.41,16.71M,-0.58%
2019年6月14日,24.04,24.50,25.02,23.90,31.37M,-3.26%
2019年6月13日,24.85,23.30,25.47,23.25,53.98M,7.34%
2019年6月12日,23.15,23.36,23.49,23.05,11.67M,-1.07%
2019年6月11日,23.40,22.43,23.50,22.17,22.14M,4.00%
2019年6月10日,22.50,22.11,22.53,21.93,12.28M,1.90%
2019年6月6日,22.08,22.70,22.74,21.97,11.58M,-2.21%
2019年6月5日,22.58,22.54,22.86,22.28,13.62M,1.35%
2019年6月4日,22.28,22.81,22.86,22.00,13.02M,-2.45%
2019年6月3日,22.84,22.95,23.30,22.45,14.00M,0.04%
2019年5月31日,22.83,22.98,23.20,22.69,12.40M,-0.13%
2019年5月30日,22.86,23.28,23.38,22.54,16.66M,-2.64%
2019年5月29日,23.48,23.73,23.85,23.40,15.39M,-2.13%
2019年5月28日,23.99,23.64,24.13,23.27,24.12M,1.48%
2019年5月27日,23.64,22.40,23.76,22.30,25.26M,5.49%
2019年5月24日,22.41,22.93,23.14,22.35,14.18M,-2.27%
2019年5月23日,22.93,24.40,24.40,22.67,26.08M,-5.60%
2019年5月22日,24.29,23.68,24.42,23.54,25.28M,2.45%
2019年5月21日,23.71,23.40,24.17,22.80,25.78M,0.68%
2019年5月20日,23.55,23.15,23.60,22.90,20.21M,3.29%
2019年5月17日,22.80,23.35,23.76,22.74,21.53M,-1.55%
2019年5月16日,23.16,23.78,23.96,23.08,19.32M,-2.61%
2019年5月15日,23.78,23.84,23.99,23.48,19.98M,0.76%
2019年5月14日,23.60,23.76,24.38,23.53,18.41M,-2.56%
2019年5月13日,24.22,23.90,24.75,23.55,21.71M,0.83%
2019年5月10日,24.02,23.19,24.31,22.33,37.64M,5.03%
2019年5月9日,22.87,22.89,23.18,22.56,21.22M,0.70%
2019年5月8日,22.71,21.03,22.99,20.80,36.32M,4.65%
2019年5月7日,21.70,22.00,22.66,21.63,18.09M,-0.69%
2019年5月6日,21.85,23.07,23.61,21.85,36.83M,-10.01%
2019年4月30日,24.28,24.24,25.03,23.92,22.67M,-1.38%
2019年4月29日,24.62,26.69,27.00,24.40,51.89M,-6.67%
2019年4月26日,26.38,26.07,26.52,25.76,43.40M,2.45%
2019年4月25日,25.75,26.14,26.68,25.68,42.33M,-1.83%
2019年4月24日,26.23,24.85,26.35,24.69,46.58M,5.85%
2019年4月23日,24.78,24.77,25.18,24.58,14.19M,-0.12%
2019年4月22日,24.81,25.23,25.59,24.68,23.01M,-0.92%
2019年4月19日,25.04,24.96,25.58,24.81,15.10M,-0.04%
2019年4月18日,25.05,25.54,25.69,24.99,14.39M,-1.84%
2019年4月17日,25.52,25.81,26.04,25.45,21.68M,-0.89%
2019年4月16日,25.75,25.00,25.76,24.18,34.38M,2.47%
2019年4月15日,25.13,25.60,26.20,25.01,25.90M,0.24%
2019年4月12日,25.07,25.37,25.55,24.79,22.62M,-0.59%
2019年4月11日,25.22,25.84,26.14,25.09,25.12M,-2.70%
2019年4月10日,25.92,25.77,26.43,25.42,23.56M,-0.35%
2019年4月9日,26.01,25.85,26.58,25.82,21.93M,-0.84%
2019年4月8日,26.23,27.77,27.81,25.85,40.62M,-4.69%
2019年4月4日,27.52,27.69,28.08,27.18,29.42M,0.22%
2019年4月3日,27.46,27.02,27.76,26.94,27.56M,0.51%
2019年4月2日,27.32,27.75,28.52,27.15,42.66M,-1.44%
2019年4月1日,27.72,26.31,27.89,26.31,44.64M,6.29%
2019年3月29日,26.08,25.08,26.32,24.60,34.68M,3.04%
2019年3月28日,25.31,25.52,26.20,25.23,20.40M,-0.55%
2019年3月27日,25.45,26.81,26.85,25.01,32.94M,-4.29%
2019年3月26日,26.59,27.19,27.64,26.42,32.77M,-2.17%
2019年3月25日,27.18,26.38,27.69,26.25,34.98M,0.85%
2019年3月22日,26.95,27.08,27.12,26.06,27.56M,0.56%
2019年3月21日,26.80,26.31,27.31,26.13,39.32M,2.13%
2019年3月20日,26.24,26.52,26.80,25.64,27.36M,-2.27%
2019年3月19日,26.85,26.81,27.44,25.92,39.15M,0.34%
2019年3月18日,26.76,26.25,26.83,26.06,38.66M,4.33%
2019年3月15日,25.65,25.58,26.37,24.92,37.09M,1.70%
2019年3月14日,25.22,26.38,26.57,24.77,48.28M,-4.40%
2019年3月13日,26.38,28.77,29.00,26.22,65.00M,-9.28%
2019年3月12日,29.08,28.49,29.58,27.84,62.24M,2.72%
2019年3月11日,28.31,30.06,30.44,26.42,66.19M,-0.42%
2019年3月8日,28.43,27.18,31.06,27.16,98.91M,-1.22%
2019年3月7日,28.78,26.15,28.78,25.69,69.94M,9.97%
2019年3月6日,26.17,26.22,27.08,25.18,60.18M,2.43%
2019年3月5日,25.55,23.85,25.69,23.45,57.55M,6.10%
2019年3月4日,24.08,24.62,25.51,23.69,58.34M,0.80%
2019年3月1日,23.89,23.55,23.89,22.92,30.99M,1.92%
2019年2月28日,23.44,23.55,23.84,23.03,23.92M,-1.10%
2019年2月27日,23.70,24.32,25.62,23.09,48.15M,-3.11%
2019年2月26日,24.46,24.11,26.08,23.38,61.16M,1.41%
2019年2月25日,24.12,22.75,24.12,22.15,71.75M,10.04%
2019年2月22日,21.92,20.65,22.14,20.52,39.73M,5.94%
2019年2月21日,20.69,21.08,21.78,20.67,30.74M,-2.17%
2019年2月20日,21.15,20.95,21.27,20.62,22.10M,0.71%
2019年2月19日,21.00,21.29,21.86,20.71,34.32M,-0.10%
2019年2月18日,21.02,20.44,21.15,20.38,27.96M,3.80%
2019年2月15日,20.25,20.68,20.98,20.22,27.04M,-2.74%
2019年2月14日,20.82,20.57,21.15,20.36,22.68M,0.97%
2019年2月13日,20.62,20.38,20.95,20.23,31.82M,1.33%
2019年2月12日,20.35,20.54,20.59,20.15,26.98M,-1.36%
2019年2月11日,20.63,19.08,20.66,19.01,32.86M,8.07%
2019年2月1日,19.09,18.73,19.09,18.38,20.05M,3.02%
2019年1月31日,18.53,19.46,19.46,18.35,29.98M,-5.36%
2019年1月30日,19.58,19.83,20.22,19.58,15.75M,-1.36%
2019年1月29日,19.85,19.85,20.06,19.24,15.84M,0.00%
2019年1月28日,19.85,19.62,20.09,19.42,19.61M,2.06%
2019年1月25日,19.45,19.38,19.98,19.38,19.28M,-1.02%
2019年1月24日,19.65,18.90,19.86,18.82,44.52M,4.13%
2019年1月23日,18.87,18.99,19.16,18.73,7.87M,-1.10%
2019年1月22日,19.08,19.22,19.45,18.94,12.99M,-0.31%
2019年1月21日,19.14,19.08,19.43,18.73,26.88M,0.31%
2019年1月18日,19.08,18.66,19.08,18.62,14.25M,2.36%
2019年1月17日,18.64,18.76,19.06,18.62,15.12M,-1.64%
2019年1月16日,18.95,19.15,19.73,18.91,24.48M,-0.68%
2019年1月15日,19.08,18.65,19.38,18.62,24.43M,2.31%
2019年1月14日,18.65,18.56,18.87,18.48,14.11M,0.48%
2019年1月11日,18.56,18.88,19.18,18.15,24.13M,-2.06%
2019年1月10日,18.95,18.62,19.19,18.56,51.46M,2.21%
2019年1月9日,18.54,18.61,19.12,18.52,30.71M,0.22%
2019年1月8日,18.50,18.50,18.75,18.35,18.51M,-0.80%
2019年1月7日,18.65,18.19,18.72,17.95,32.86M,3.15%
2019年1月4日,18.08,16.92,18.11,16.86,32.58M,5.06%
2019年1月3日,17.21,17.15,17.58,17.05,29.31M,2.62%
2019年1月2日,16.77,16.51,16.85,16.31,22.05M,2.38%
2018年12月28日,16.38,17.06,17.06,16.18,13.58M,-2.33%
2018年12月27日,16.77,17.41,17.46,16.77,12.28M,-1.81%
2018年12月26日,17.08,17.31,17.32,16.99,10.60M,-2.12%
2018年12月25日,17.45,17.09,17.51,16.73,14.29M,0.40%
2018年12月24日,17.38,17.04,17.52,16.93,11.25M,1.16%
2018年12月21日,17.18,16.92,17.36,16.85,14.47M,0.82%
2018年12月20日,17.04,16.92,17.26,16.86,10.17M,0.24%
2018年12月19日,17.00,17.32,17.42,16.83,12.19M,-1.85%
2018年12月18日,17.32,17.47,17.62,17.21,10.71M,-1.65%
2018年12月17日,17.61,17.75,17.90,17.27,17.22M,-0.79%
2018年12月14日,17.75,18.32,18.42,17.72,12.30M,-3.38%
2018年12月13日,18.37,18.14,18.54,17.98,12.74M,1.72%
2018年12月12日,18.06,18.15,18.22,17.95,8.44M,0.22%
2018年12月11日,18.02,18.18,18.27,17.71,9.82M,0.78%
2018年12月10日,17.88,18.08,18.45,17.81,13.14M,-2.72%
2018年12月7日,18.38,18.36,18.59,18.33,8.21M,0.16%
2018年12月6日,18.35,18.57,18.98,18.15,17.33M,-2.50%
2018年12月5日,18.82,18.43,18.85,18.33,18.41M,0.32%
2018年12月4日,18.76,18.69,18.85,18.52,13.61M,0.11%
2018年12月3日,18.74,18.85,19.08,18.39,25.16M,3.02%
2018年11月30日,18.19,17.95,18.22,17.52,16.21M,1.79%
2018年11月29日,17.87,18.50,18.69,17.75,15.55M,-2.62%
2018年11月28日,18.35,18.03,18.41,17.64,17.31M,0.99%
2018年11月27日,18.17,18.17,18.38,17.95,17.43M,0.94%
2018年11月26日,18.00,18.38,18.68,17.82,21.90M,-2.28%
2018年11月23日,18.42,19.06,19.25,18.32,20.31M,-3.36%
2018年11月22日,19.06,19.25,19.50,18.83,16.70M,-0.83%
2018年11月21日,19.22,18.92,19.44,18.85,20.14M,-0.21%
2018年11月20日,19.26,19.62,19.91,19.18,21.44M,-3.46%
2018年11月19日,19.95,20.35,20.35,19.58,22.35M,-2.01%
2018年11月16日,20.36,20.23,20.85,20.15,38.95M,0.00%
2018年11月15日,20.36,19.54,20.46,19.38,36.27M,3.98%
2018年11月14日,19.58,19.71,19.96,19.23,27.91M,-0.66%
2018年11月13日,19.71,19.38,19.96,19.23,39.10M,0.05%
2018年11月12日,19.70,18.28,19.74,18.21,47.14M,6.95%
2018年11月9日,18.42,18.02,18.75,17.92,18.50M,0.38%
2018年11月8日,18.35,19.40,19.40,18.35,28.63M,-4.28%
2018年11月7日,19.17,19.04,19.72,19.00,29.17M,0.47%
2018年11月6日,19.08,19.35,19.42,18.81,19.28M,-1.95%
2018年11月5日,19.46,19.42,19.81,18.99,30.81M,-0.61%
2018年11月2日,19.58,19.35,19.67,19.10,44.14M,3.76%
2018年11月1日,18.87,18.92,19.68,18.47,47.71M,2.28%
2018年10月31日,18.45,18.31,18.86,18.15,28.50M,0.76%
2018年10月30日,18.31,18.42,18.81,17.46,31.52M,-0.65%
2018年10月29日,18.43,18.07,19.14,17.75,36.97M,2.50%
2018年10月26日,17.98,18.66,18.84,17.58,27.73M,-1.91%
2018年10月25日,18.33,18.08,18.55,17.64,30.95M,-3.88%
2018年10月24日,19.07,19.53,19.53,18.51,31.99M,-1.24%
2018年10月23日,19.31,19.68,19.68,19.12,28.49M,-1.63%
2018年10月22日,19.63,19.23,20.15,18.98,51.33M,3.53%
2018年10月19日,18.96,17.31,19.25,17.16,54.45M,8.16%
2018年10月18日,17.53,17.38,17.87,17.12,46.32M,0.63%
2018年10月17日,17.42,16.79,17.51,16.36,47.58M,6.48%
2018年10月16日,16.36,17.26,17.43,16.06,39.83M,-5.54%
2018年10月15日,17.32,17.50,17.96,17.14,31.04M,-0.69%
2018年10月12日,17.44,17.29,17.69,16.43,32.16M,0.87%
2018年10月11日,17.29,18.07,18.62,17.29,38.23M,-10.04%
2018年10月10日,19.22,19.62,19.65,18.98,27.60M,-2.49%
2018年10月9日,19.71,21.06,21.62,19.53,49.63M,-5.65%
2018年10月8日,20.89,20.69,21.29,20.48,33.23M,-2.38%
2018年9月28日,21.40,21.00,21.49,20.28,44.19M,2.29%
2018年9月27日,20.92,20.39,21.41,20.16,58.18M,2.65%
2018年9月26日,20.38,20.23,20.52,19.58,33.74M,0.94%
2018年9月25日,20.19,19.69,20.52,19.61,27.36M,0.55%
2018年9月21日,20.08,20.48,20.62,19.22,48.80M,-2.76%
2018年9月20日,20.65,20.62,20.92,20.38,21.28M,-0.15%
2018年9月19日,20.68,20.24,21.18,19.95,43.18M,2.07%
2018年9月18日,20.26,19.12,20.42,18.94,41.59M,6.13%
2018年9月17日,19.09,19.27,19.58,18.73,27.03M,-0.99%
2018年9月14日,19.28,20.54,20.57,19.24,46.32M,-6.50%
2018年9月13日,20.62,20.77,21.00,20.07,28.91M,0.78%
2018年9月12日,20.46,20.59,20.91,20.06,23.44M,-0.92%
2018年9月11日,20.65,20.46,20.95,20.25,22.39M,0.98%
2018年9月10日,20.45,21.08,21.35,20.31,36.20M,-4.71%
2018年9月7日,21.46,22.94,23.20,20.77,48.23M,-5.88%
2018年9月6日,22.80,22.65,23.31,22.62,31.21M,0.48%
2018年9月5日,22.69,23.20,23.32,22.54,37.35M,-2.74%
2018年9月4日,23.33,22.02,24.14,21.83,60.36M,5.33%
2018年9月3日,22.15,21.37,22.29,20.54,37.59M,3.26%
2018年8月31日,21.45,21.25,22.15,21.14,32.49M,0.99%
2018年8月30日,21.24,21.73,21.85,21.23,16.71M,-2.48%
2018年8月29日,21.78,21.92,22.10,21.38,20.70M,-0.59%
2018年8月28日,21.91,22.38,22.45,21.68,26.71M,-1.26%
2018年8月27日,22.19,21.42,22.52,21.32,35.31M,3.59%
2018年8月24日,21.42,21.26,21.84,21.25,25.89M,-0.19%
2018年8月23日,21.46,20.78,21.78,20.57,46.48M,3.27%
2018年8月22日,20.78,20.58,21.07,20.38,30.51M,0.05%
2018年8月21日,20.77,20.77,21.05,20.02,43.84M,-2.07%
2018年8月20日,21.21,20.41,21.23,20.38,33.43M,3.97%
2018年8月17日,20.40,21.54,21.62,20.25,36.57M,-4.18%
2018年8月16日,21.29,21.00,21.73,20.81,41.32M,-0.65%
2018年8月15日,21.43,21.86,22.11,20.95,48.22M,-1.61%
2018年8月14日,21.78,22.25,22.39,21.58,43.76M,-3.11%
2018年8月13日,22.48,21.60,22.95,21.50,81.04M,5.59%
2018年8月10日,21.29,20.70,21.52,20.55,51.60M,2.60%
2018年8月9日,20.75,19.25,21.07,19.08,51.02M,7.74%
2018年8月8日,19.26,19.08,19.61,19.00,28.36M,0.05%
2018年8月7日,19.25,18.25,19.32,18.19,34.48M,7.24%
2018年8月6日,17.95,17.95,18.68,17.85,24.34M,-0.39%
2018年8月3日,18.02,18.97,19.15,18.00,22.29M,-4.61%
2018年8月2日,18.89,19.08,19.23,18.26,29.50M,-2.33%
2018年8月1日,19.34,19.92,20.58,19.23,27.03M,-2.57%
2018年7月31日,19.85,19.62,20.14,19.55,22.01M,0.30%
2018年7月30日,19.79,20.20,20.48,19.48,24.84M,-2.61%
2018年7月27日,20.32,20.21,20.49,19.73,30.30M,0.99%
2018年7月26日,20.12,20.82,20.84,19.85,40.49M,-4.01%
2018年7月25日,20.96,21.22,21.70,20.92,35.57M,-1.46%
2018年7月24日,21.27,21.32,21.70,20.92,39.22M,-0.89%
2018年7月23日,21.46,21.00,21.96,20.88,50.50M,0.85%
2018年7月20日,21.28,20.61,21.81,20.39,71.02M,3.25%
2018年7月19日,20.61,20.97,21.08,20.32,44.07M,-1.15%
2018年7月18日,20.85,21.25,21.65,20.81,74.78M,-1.00%
2018年7月17日,21.06,19.15,21.06,18.55,65.48M,9.97%
2018年7月16日,19.15,19.22,19.51,18.85,42.89M,1.32%
2018年7月13日,18.90,18.85,19.28,18.66,55.36M,3.96%
2018年7月12日,18.18,17.00,18.44,16.91,53.14M,8.09%
2018年7月11日,16.82,17.46,17.69,16.32,38.41M,-5.82%
2018年7月10日,17.86,18.17,18.28,17.47,36.54M,-2.46%
2018年7月9日,18.31,18.46,18.55,17.91,33.11M,0.60%
2018年7月6日,18.20,17.59,18.77,17.59,45.14M,3.76%
2018年7月5日,17.54,18.08,18.65,17.52,25.17M,-3.89%
2018年7月4日,18.25,18.93,19.04,18.08,27.01M,-4.50%
2018年7月3日,19.11,18.26,19.58,18.09,41.26M,4.03%
2018年7月2日,18.37,18.85,18.85,17.85,29.95M,-2.55%
2018年6月29日,18.85,17.55,18.90,17.40,40.56M,7.41%
2018年6月28日,17.55,17.69,18.25,17.35,27.67M,-0.79%
2018年6月27日,17.69,17.91,18.27,17.34,32.15M,-1.39%
2018年6月26日,17.94,16.46,18.12,16.37,41.54M,8.01%
2018年6月25日,16.61,16.36,17.05,16.36,25.52M,2.03%
2018年6月22日,16.28,15.59,16.67,15.48,31.88M,4.49%
2018年6月21日,15.58,16.68,16.84,15.32,38.16M,-6.43%
2018年6月20日,16.65,16.75,17.08,16.21,33.54M,-0.60%
2018年6月19日,16.75,17.78,18.53,16.72,34.19M,-9.85%
2018年6月15日,18.58,18.73,18.95,18.38,16.28M,-0.32%
2018年6月14日,18.64,18.27,18.88,18.12,27.24M,1.91%
2018年6月13日,18.29,19.72,19.92,18.22,42.52M,-6.92%
2018年6月12日,19.65,19.38,19.89,19.00,17.00M,0.82%
2018年6月11日,19.49,19.69,19.88,19.39,15.31M,-2.21%
2018年6月8日,19.93,20.39,20.52,19.78,27.95M,0.20%
2018年6月7日,19.89,19.92,20.23,19.64,22.05M,0.05%
2018年6月6日,19.88,19.55,20.13,19.37,27.64M,1.64%
2018年6月5日,19.56,18.63,19.58,18.63,31.44M,5.05%
2018年6月4日,18.62,18.89,19.08,18.38,20.45M,-2.26%
2018年6月1日,19.05,18.70,19.25,18.38,28.93M,0.69%
2018年5月31日,18.92,19.90,20.20,18.46,49.50M,-4.83%
2018年5月30日,19.88,19.92,20.33,19.32,23.58M,-1.88%
2018年5月29日,20.26,20.27,20.65,19.95,19.43M,-0.15%
2018年5月28日,20.29,19.95,20.57,19.78,21.44M,1.70%
2018年5月25日,19.95,20.52,20.85,19.73,33.42M,-3.72%
2018年5月24日,20.72,21.15,21.33,20.68,19.87M,-2.26%
2018年5月23日,21.20,21.28,21.82,20.85,35.66M,-0.42%
2018年5月22日,21.29,21.44,21.82,20.88,30.88M,-1.39%
2018年5月21日,21.59,20.85,21.86,20.85,30.76M,2.66%
2018年5月18日,21.03,20.94,21.25,20.39,28.43M,-0.61%
2018年5月17日,21.16,21.02,21.42,20.68,30.66M,-0.09%
2018年5月16日,21.18,22.24,22.24,21.15,36.95M,-4.85%
2018年5月15日,22.26,21.72,22.30,21.38,27.75M,2.68%
2018年5月14日,21.68,22.25,22.86,21.31,41.14M,-2.82%
2018年5月11日,22.31,22.83,22.95,22.00,34.72M,-2.23%
2018年5月10日,22.82,23.66,23.94,22.17,52.29M,-3.63%
2018年5月9日,23.68,23.73,24.30,23.22,45.60M,-0.46%
2018年5月8日,23.79,22.81,24.00,22.62,63.31M,3.34%
2018年5月7日,23.02,22.04,23.23,21.82,60.96M,4.78%
2018年5月4日,21.97,21.54,22.65,21.20,45.80M,2.19%
2018年5月3日,21.50,21.32,21.67,20.23,33.85M,0.28%
2018年5月2日,21.44,22.22,22.77,21.00,26.15M,-1.47%
2018年4月27日,21.76,22.19,22.25,20.47,37.87M,0.00%
2018年4月26日,21.76,21.80,22.47,21.42,42.20M,-0.55%
2018年4月25日,21.88,21.24,23.12,21.11,71.50M,2.24%
2018年4月24日,21.40,20.59,21.45,20.33,35.55M,3.78%
2018年4月23日,20.62,20.56,20.79,19.88,31.11M,0.15%
2018年4月20日,20.59,21.78,21.98,20.53,41.61M,-5.94%
2018年4月19日,21.89,22.19,22.63,21.58,53.05M,-1.88%
2018年4月18日,22.31,21.30,22.69,21.15,73.38M,3.86%
2018年4月17日,21.48,22.24,22.43,20.83,59.84M,-3.55%
2018年4月16日,22.27,20.08,22.27,19.83,80.31M,10.03%
2018年4月13日,20.24,20.83,20.98,20.08,30.39M,-1.94%
2018年4月12日,20.64,20.67,21.04,20.41,30.38M,0.19%
2018年4月11日,20.60,20.77,21.27,20.41,48.42M,0.19%
2018年4月10日,20.56,20.50,20.59,20.01,35.56M,-0.92%
2018年4月9日,20.75,20.51,21.10,19.93,46.26M,1.97%
2018年4月4日,20.35,21.07,21.23,19.94,56.19M,-3.74%
2018年4月3日,21.14,21.89,22.04,20.30,78.47M,-5.33%
2018年4月2日,22.33,22.48,22.89,21.69,70.85M,-1.19%
2018年3月30日,22.60,22.16,22.99,21.89,77.06M,2.12%
2018年3月29日,22.13,22.31,22.71,21.60,56.84M,-0.09%
2018年3月28日,22.15,21.94,22.73,21.80,72.23M,-1.99%
2018年3月27日,22.60,22.00,22.66,21.54,105.00M,4.53%
2018年3月26日,21.62,19.88,21.62,19.88,84.21M,10.03%
2018年3月23日,19.65,19.52,20.44,18.94,78.62M,-3.86%
2018年3月22日,20.44,21.42,21.69,20.30,69.64M,-3.49%
2018年3月21日,21.18,21.88,22.09,21.04,62.08M,-3.20%
2018年3月20日,21.88,20.78,22.24,20.72,82.66M,2.96%
2018年3月19日,21.25,21.07,21.70,20.73,83.10M,0.71%
2018年3月16日,21.10,21.23,21.48,20.92,68.30M,-0.61%
2018年3月15日,21.23,20.83,21.38,20.66,95.45M,-0.42%
2018年3月14日,21.32,23.54,24.60,21.31,170.34M,-9.97%
2018年3月13日,23.68,24.06,24.26,23.43,69.03M,-3.07%
2018年3月12日,24.43,23.67,24.47,23.43,98.56M,1.71%
2018年3月9日,24.02,22.88,25.37,22.66,125.57M,3.09%
2018年3月8日,23.30,23.50,24.05,22.90,87.99M,-1.65%
2018年3月7日,23.69,23.91,24.48,23.11,82.12M,-0.59%
2018年3月6日,23.83,24.74,24.83,23.40,88.42M,-1.61%
2018年3月5日,24.22,22.55,24.22,22.13,90.77M,9.99%
2018年3月2日,22.02,22.78,23.42,21.69,114.56M,3.23%
2018年3月1日,21.33,18.91,21.33,18.73,61.40M,10.01%
2018年2月28日,19.39,17.72,19.72,17.46,73.48M,7.90%
2018年2月27日,17.97,17.81,18.58,17.69,48.79M,-0.94%
2018年2月26日,18.14,18.06,18.43,17.42,59.44M,2.95%
2018年2月23日,17.62,17.46,17.83,17.20,44.35M,-0.56%
2018年2月22日,17.72,16.42,17.72,16.17,80.71M,9.99%
2018年2月14日,16.11,16.86,16.88,16.04,43.10M,-2.83%
2018年2月13日,16.58,16.75,17.40,16.22,90.96M,4.80%
2018年2月12日,15.82,14.39,15.82,14.39,30.28M,10.01%
2018年2月9日,14.38,14.73,14.99,14.01,32.00M,-5.77%
2018年2月8日,15.26,15.09,15.41,14.62,40.33M,0.86%
2018年2月7日,15.13,14.33,15.36,14.10,43.82M,7.69%
2018年2月6日,14.05,14.09,14.56,13.79,29.32M,-2.97%
2018年2月5日,14.48,14.02,14.49,13.78,19.86M,1.26%
2018年2月2日,14.30,13.83,14.38,13.65,27.65M,2.29%
2018年2月1日,13.98,13.66,14.08,13.25,22.38M,2.64%
2018年1月31日,13.62,13.94,14.18,13.59,23.31M,-2.44%
2018年1月30日,13.96,13.44,14.00,13.40,18.77M,4.10%
2018年1月29日,13.41,13.80,14.04,13.23,15.75M,-2.33%
2018年1月26日,13.73,13.63,13.93,13.41,14.11M,0.96%
2018年1月25日,13.60,13.78,13.96,13.51,13.23M,-1.31%
2018年1月24日,13.78,13.38,13.91,13.08,26.63M,4.55%
2018年1月23日,13.18,12.70,13.30,12.64,17.94M,3.13%
2018年1月22日,12.78,12.41,12.88,12.10,14.43M,3.23%
2018年1月19日,12.38,12.30,12.63,12.30,9.88M,-22.62%
2018年1月18日,16.00,15.95,16.22,15.85,7.11M,-1.14%
2018年1月17日,16.18,16.65,16.65,15.35,21.51M,-5.01%
2018年1月16日,17.04,17.18,17.33,16.71,13.88M,-0.18%
2018年1月15日,17.07,17.33,17.57,16.82,16.84M,-3.52%
2018年1月12日,17.69,17.26,18.79,16.91,34.61M,3.55%
2018年1月11日,17.08,16.17,17.19,16.04,24.29M,4.52%
2018年1月10日,16.35,15.73,16.41,15.73,16.27M,2.86%
2018年1月9日,15.89,16.01,16.16,15.61,9.70M,-1.38%
2018年1月8日,16.11,16.39,16.53,15.81,16.77M,-3.06%
2018年1月5日,16.62,16.62,16.89,16.51,10.36M,1.03%
2018年1月4日,16.45,16.55,16.62,16.37,7.96M,-1.11%
2018年1月3日,16.64,16.57,16.65,16.22,11.01M,1.12%
2018年1月2日,16.45,16.39,16.65,16.28,7.97M,1.14%
2017年12月29日,16.27,15.90,16.37,15.90,6.48M,2.42%
2017年12月28日,15.89,16.50,16.54,15.81,8.45M,-3.73%
2017年12月27日,16.50,16.42,16.68,16.32,5.69M,0.47%
2017年12月26日,16.42,16.17,16.49,15.90,5.70M,1.09%
2017年12月25日,16.25,16.76,16.92,16.19,7.76M,-2.13%
2017年12月22日,16.60,16.92,17.01,16.59,5.14M,-1.51%
2017年12月21日,16.85,16.91,17.06,16.61,7.76M,-0.32%
2017年12月20日,16.91,16.71,16.92,16.46,9.16M,-0.41%
2017年12月19日,16.98,16.57,17.27,16.57,13.83M,2.56%
2017年12月18日,16.55,16.55,16.74,16.37,5.88M,0.05%
2017年12月15日,16.55,16.77,16.99,16.40,7.53M,-1.83%
2017年12月14日,16.85,16.52,17.00,16.48,11.84M,1.67%
2017年12月13日,16.58,16.50,16.75,16.45,6.08M,-0.09%
2017年12月12日,16.59,16.49,16.89,16.43,15.21M,-0.78%
2017年12月11日,16.72,15.78,16.75,15.77,23.89M,9.80%
2017年12月8日,15.23,15.15,15.65,15.11,6.21M,0.46%
2017年12月7日,15.16,15.04,15.34,15.00,4.58M,0.46%
2017年12月6日,15.09,15.38,15.38,14.72,10.65M,-1.90%
2017年12月5日,15.39,16.14,16.22,15.29,9.38M,-4.26%
2017年12月4日,16.07,15.86,16.33,15.86,5.27M,0.34%
2017年12月1日,16.01,15.76,16.25,15.65,7.99M,1.61%
2017年11月30日,15.76,16.15,16.34,15.61,6.61M,-2.43%
2017年11月29日,16.15,16.15,16.34,15.89,6.35M,0.14%
2017年11月28日,16.13,15.78,16.18,15.77,6.35M,2.15%
2017年11月27日,15.79,15.98,16.34,15.63,6.56M,-1.96%
2017年11月24日,16.11,16.00,16.27,16.00,6.09M,-0.38%
2017年11月23日,16.17,16.55,16.67,16.08,8.89M,-3.23%
2017年11月22日,16.71,16.39,16.86,16.31,10.65M,1.17%
2017年11月21日,16.51,16.70,17.08,16.04,16.17M,-1.92%
2017年11月20日,16.84,16.22,16.85,16.02,8.53M,0.27%
2017年11月17日,16.79,17.61,17.83,16.54,21.91M,-5.05%
2017年11月16日,17.68,18.01,18.19,17.62,15.13M,-3.60%
2017年11月15日,18.35,18.98,18.98,18.00,19.42M,-3.95%
2017年11月14日,19.10,19.23,19.85,18.85,26.41M,-0.64%
2017年11月13日,19.22,18.84,19.37,18.48,19.31M,2.04%
2017年11月10日,18.84,19.01,19.31,18.69,16.90M,-1.57%
2017年11月9日,19.14,18.66,19.31,18.47,17.40M,3.07%
2017年11月8日,18.57,18.59,19.04,18.23,19.79M,-0.41%
2017年11月7日,18.65,17.77,18.67,17.50,23.10M,5.07%
2017年11月6日,17.75,17.69,18.03,17.41,9.13M,-0.82%
2017年11月3日,17.89,18.13,18.35,17.61,10.61M,-1.36%
2017年11月2日,18.14,17.89,18.41,17.58,16.18M,1.03%
2017年11月1日,17.95,17.91,18.02,17.61,10.80M,0.56%
2017年10月31日,17.85,17.18,18.05,17.10,16.09M,3.15%
2017年10月30日,17.31,17.25,17.43,16.62,13.56M,1.31%
2017年10月27日,17.08,17.08,17.35,16.96,6.68M,-0.36%
2017年10月26日,17.15,17.54,17.61,17.00,14.70M,-2.45%
2017年10月25日,17.58,17.46,17.67,17.35,4.76M,0.84%
2017年10月24日,17.43,17.75,17.83,17.22,5.68M,-1.82%
2017年10月23日,17.75,17.49,17.94,17.49,6.63M,1.72%
2017年10月20日,17.45,17.14,17.73,17.05,6.40M,1.70%
2017年10月19日,17.16,17.42,17.65,17.10,5.51M,-1.50%
2017年10月18日,17.42,17.02,18.13,17.00,14.66M,2.81%
2017年10月17日,16.95,17.06,17.22,16.85,5.94M,0.00%
2017年10月16日,16.95,18.00,18.00,16.78,20.19M,-6.14%
2017年10月13日,18.05,18.00,18.11,17.75,9.54M,1.25%
2017年10月12日,17.83,18.42,18.43,17.72,19.04M,-3.05%
2017年10月11日,18.39,19.21,19.68,18.34,22.39M,-4.63%
2017年10月10日,19.28,19.29,19.89,19.08,19.81M,-1.03%
2017年10月9日,19.49,18.33,19.60,18.25,21.69M,7.06%
2017年9月29日,18.20,18.46,18.58,18.15,10.34M,-1.42%
2017年9月28日,18.46,18.00,18.65,17.85,17.22M,2.52%
2017年9月27日,18.01,18.11,18.19,17.69,12.49M,-0.34%
2017年9月26日,18.07,18.00,18.19,17.74,9.46M,0.72%
2017年9月25日,17.94,18.28,18.59,17.92,8.00M,-2.14%
2017年9月22日,18.33,18.61,18.89,17.69,11.52M,-2.45%
2017年9月21日,18.79,18.89,19.27,18.62,11.58M,-0.16%
2017年9月20日,18.82,18.66,19.07,18.50,11.58M,0.82%
2017年9月19日,18.67,19.31,19.31,18.46,15.70M,-2.96%
2017年9月18日,19.24,19.08,19.48,18.97,13.84M,0.20%
2017年9月15日,19.20,19.82,19.96,19.00,18.61M,-3.93%
2017年9月14日,19.99,20.05,20.48,19.77,24.51M,-1.06%
2017年9月13日,20.20,19.32,20.38,19.02,42.87M,2.94%
2017年9月12日,19.62,18.68,19.99,18.39,42.98M,4.72%
2017年9月11日,18.74,18.62,18.89,18.18,19.92M,-0.45%
2017年9月8日,18.82,18.69,19.17,18.39,20.27M,0.08%
2017年9月7日,18.81,19.23,19.45,18.71,29.47M,-4.00%
2017年9月6日,19.59,19.05,19.92,18.57,50.03M,2.00%
2017年9月5日,19.21,19.54,19.83,18.38,56.33M,-1.15%
2017年9月4日,19.43,18.03,19.43,18.03,46.26M,10.02%
2017年9月1日,17.66,15.98,17.66,15.89,39.79M,10.02%
2017年8月31日,16.05,15.85,16.11,15.69,13.97M,0.58%
2017年8月30日,15.96,15.92,16.00,15.53,28.66M,-0.72%
2017年8月29日,16.08,16.39,16.54,15.89,24.75M,-2.65%
2017年8月28日,16.51,16.15,16.89,16.03,31.64M,1.85%
2017年8月25日,16.22,16.00,16.39,15.83,19.10M,1.39%
2017年8月24日,15.99,16.15,16.15,15.70,15.85M,-0.29%
2017年8月23日,16.04,16.05,16.31,15.59,24.65M,-1.05%
2017年8月22日,16.21,16.54,16.66,15.89,31.51M,-3.74%
2017年8月21日,16.84,16.45,17.23,16.08,45.46M,6.36%
2017年8月16日,15.83,15.06,16.60,14.86,40.54M,3.88%
2017年8月15日,15.24,14.69,15.39,14.49,46.07M,3.72%
2017年8月14日,14.69,13.31,14.69,13.26,49.45M,10.02%
2017年8月11日,13.35,12.98,13.59,12.94,12.54M,2.12%
2017年8月10日,13.08,13.30,13.30,12.93,6.06M,-0.99%
2017年8月9日,13.21,13.32,13.35,13.10,6.56M,-1.66%
2017年8月8日,13.43,13.11,13.46,12.93,10.78M,2.22%
2017年8月7日,13.14,13.09,13.29,13.02,4.99M,0.77%
2017年8月4日,13.04,13.22,13.31,12.98,6.53M,-1.33%
2017年8月3日,13.22,13.08,13.36,12.98,7.86M,0.94%
2017年8月2日,13.09,13.69,13.72,13.00,18.18M,-4.65%
2017年8月1日,13.73,13.74,14.05,13.41,11.54M,-0.56%
2017年7月31日,13.81,13.77,13.92,13.63,7.15M,-0.27%
2017年7月28日,13.85,13.89,13.89,13.61,13.48M,-0.55%
2017年7月27日,13.92,13.08,13.95,12.98,23.22M,6.47%
2017年7月26日,13.08,13.06,13.22,12.93,4.45M,-0.47%
2017年7月25日,13.14,13.19,13.28,12.98,4.29M,-0.29%
2017年7月24日,13.18,13.14,13.30,12.92,7.13M,0.29%
2017年7月21日,13.14,12.83,13.48,12.79,13.71M,2.40%
2017年7月20日,12.83,12.41,12.97,12.41,9.36M,3.48%
2017年7月19日,12.40,12.15,12.41,12.04,5.02M,1.96%
2017年7月18日,12.16,12.05,12.25,12.00,3.16M,0.77%
2017年7月17日,12.07,12.37,12.59,11.89,9.44M,-3.33%
2017年7月14日,12.48,12.43,12.61,12.39,3.46M,0.00%
2017年7月13日,12.48,12.27,12.55,12.00,7.33M,1.76%
2017年7月12日,12.27,12.52,12.63,12.06,9.37M,-2.15%
2017年7月11日,12.54,12.85,12.88,12.48,7.83M,-2.10%
2017年7月10日,12.81,13.08,13.15,12.75,5.83M,-2.06%
2017年7月7日,13.08,13.11,13.17,13.02,5.18M,-0.93%
2017年7月6日,13.20,13.04,13.29,12.85,10.29M,1.23%
2017年7月5日,13.04,12.83,13.11,12.81,5.82M,0.48%
2017年7月4日,12.98,13.10,13.14,12.91,4.26M,-0.94%
2017年7月3日,13.10,13.14,13.18,12.95,7.09M,-0.52%
2017年6月30日,13.17,13.08,13.33,12.92,9.68M,0.53%
2017年6月29日,13.10,12.75,13.17,12.64,13.34M,3.08%
2017年6月28日,12.71,13.00,13.00,12.61,8.00M,-2.25%
2017年6月27日,13.00,13.15,13.19,12.92,6.90M,0.00%
2017年6月26日,13.00,12.54,13.19,12.46,17.48M,3.81%
2017年6月23日,12.52,12.93,13.00,12.31,16.25M,-2.81%
2017年6月22日,12.89,13.31,13.41,12.86,11.86M,-3.06%
2017年6月21日,13.29,13.23,13.48,12.92,16.12M,0.52%
2017年6月20日,13.22,12.91,13.42,12.88,18.58M,2.26%
2017年6月19日,12.93,12.85,13.02,12.78,9.58M,0.42%
2017年6月16日,12.88,12.23,13.15,12.23,19.65M,4.76%
2017年6月15日,12.29,12.21,12.43,12.07,16.33M,0.31%
2017年6月14日,12.25,11.98,12.28,11.84,13.72M,2.12%
2017年6月13日,12.00,11.84,12.06,11.84,6.77M,1.37%
2017年6月12日,11.84,11.77,12.05,11.72,10.53M,0.00%
2017年6月9日,11.84,12.05,12.11,11.78,9.87M,-1.47%
2017年6月8日,12.02,11.96,12.17,11.75,15.50M,1.82%
2017年6月7日,11.80,11.58,11.85,11.58,12.04M,1.25%
2017年6月6日,11.65,11.11,11.89,11.10,18.51M,4.41%
2017年6月5日,11.16,11.04,11.26,10.98,8.44M,1.05%
2017年6月2日,11.05,11.09,11.15,10.61,12.02M,-0.56%
2017年6月1日,11.11,11.54,11.62,11.07,11.28M,-4.81%
2017年5月31日,11.67,11.85,11.95,11.66,6.33M,-0.60%
2017年5月26日,11.74,11.77,11.89,11.67,5.60M,0.60%
2017年5月25日,11.67,11.62,11.83,11.48,12.81M,0.79%
2017年5月24日,11.58,11.42,11.78,11.40,10.15M,-0.73%
2017年5月23日,11.66,11.89,12.04,11.45,7.56M,-1.68%
2017年5月22日,11.86,12.23,12.31,11.84,7.92M,-3.63%
2017年5月19日,12.31,12.07,12.43,12.00,11.45M,0.76%
2017年5月18日,12.22,11.47,12.23,11.47,21.29M,4.47%
2017年5月17日,11.69,11.77,11.95,11.65,10.13M,-1.42%
2017年5月16日,11.86,11.39,11.89,11.21,12.98M,4.25%
2017年5月15日,11.38,11.64,11.75,11.25,11.36M,-0.20%
2017年5月12日,11.40,11.55,11.64,11.20,14.10M,-2.44%
2017年5月11日,11.69,12.35,12.35,11.11,17.28M,-5.35%
2017年5月10日,12.35,12.84,12.91,12.32,6.19M,-3.83%
2017年5月9日,12.84,12.95,12.95,12.64,5.25M,-1.07%
2017年5月8日,12.98,13.08,13.19,12.92,3.71M,-0.59%
2017年5月5日,13.05,13.17,13.19,12.99,3.85M,-0.87%
2017年5月4日,13.17,13.16,13.31,13.03,4.32M,0.00%
2017年5月3日,13.17,13.11,13.22,13.09,3.55M,-0.12%
2017年5月2日,13.19,13.19,13.31,13.11,3.18M,0.00%
2017年4月28日,13.19,13.15,13.24,13.02,4.23M,-0.23%
2017年4月27日,13.22,13.62,13.62,12.77,10.21M,-2.56%
2017年4月26日,13.56,13.69,13.69,13.46,5.26M,-1.50%
2017年4月25日,13.77,13.73,13.85,13.54,5.00M,1.01%
2017年4月24日,13.63,14.00,14.01,13.48,7.54M,-2.64%
2017年4月21日,14.00,14.15,14.25,13.93,5.59M,-1.09%
2017年4月20日,14.15,13.83,14.27,13.74,13.97M,3.14%
2017年4月19日,13.72,13.55,13.85,13.51,7.43M,1.25%
2017年4月18日,13.55,13.75,13.85,13.54,5.09M,-1.45%
2017年4月17日,13.75,13.84,13.95,13.59,6.43M,-0.56%
2017年4月14日,13.83,13.96,14.15,13.76,6.40M,-0.66%
2017年4月13日,13.92,13.95,14.10,13.89,5.14M,-0.16%
2017年4月12日,13.95,14.29,14.29,13.91,11.00M,-2.53%
2017年4月11日,14.31,13.73,14.41,13.72,15.32M,4.03%
2017年4月10日,13.75,13.86,13.90,13.73,8.20M,-0.83%
2017年4月7日,13.87,13.93,13.93,13.79,5.47M,-0.12%
2017年4月6日,13.89,13.98,13.99,13.80,6.20M,-0.38%
2017年4月5日,13.94,13.71,13.97,13.71,6.64M,1.85%
2017年3月31日,13.69,13.72,13.85,13.67,5.01M,-0.28%
2017年3月30日,13.72,14.05,14.11,13.69,12.16M,-2.36%
2017年3月29日,14.05,14.28,14.33,14.01,5.97M,-1.56%
2017年3月28日,14.28,14.27,14.31,14.17,5.14M,-0.06%
2017年3月27日,14.28,14.42,14.46,14.20,5.86M,-0.74%
2017年3月24日,14.39,14.29,14.41,14.25,5.48M,0.86%
2017年3月23日,14.27,14.30,14.40,14.07,5.06M,-0.22%
2017年3月22日,14.30,14.41,14.41,14.07,8.82M,-1.17%
2017年3月21日,14.47,14.59,14.60,14.42,6.68M,-0.84%
2017年3月20日,14.59,14.46,14.65,14.41,7.20M,0.10%
2017年3月17日,14.58,14.74,14.81,14.56,9.00M,-0.94%
2017年3月16日,14.72,14.62,14.78,14.62,8.92M,0.20%
2017年3月15日,14.69,14.77,14.77,14.55,6.37M,-0.47%
2017年3月14日,14.75,14.83,14.89,14.68,7.67M,-0.47%
2017年3月13日,14.82,14.85,14.89,14.63,5.81M,0.26%
2017年3月10日,14.78,14.97,15.05,14.78,5.40M,-1.13%
2017年3月9日,14.95,15.04,15.11,14.81,7.40M,-1.02%
2017年3月8日,15.11,14.95,15.35,14.95,15.75M,1.40%
2017年3月7日,14.90,14.78,14.91,14.70,8.49M,0.42%
2017年3月6日,14.84,14.55,14.89,14.52,10.18M,1.95%
2017年3月3日,14.55,14.64,14.66,14.40,6.86M,-0.58%
2017年3月2日,14.64,14.80,14.84,14.61,5.48M,-1.09%
2017年3月1日,14.80,14.78,14.82,14.67,6.39M,0.16%
2017年2月28日,14.78,14.66,14.78,14.45,10.52M,0.78%
2017年2月27日,14.66,14.76,14.90,14.63,8.39M,-0.62%
2017年2月24日,14.75,14.64,14.80,14.58,8.11M,0.47%
2017年2月23日,14.69,14.77,14.81,14.55,6.14M,-0.51%
2017年2月22日,14.76,14.61,14.86,14.46,11.21M,1.37%
2017年2月21日,14.56,14.35,14.67,14.31,9.73M,1.45%
2017年2月20日,14.35,14.52,14.56,14.19,10.60M,-1.11%
2017年2月17日,14.52,14.69,14.79,14.51,6.46M,-1.10%
2017年2月16日,14.68,14.62,14.75,14.62,4.80M,0.16%
2017年2月15日,14.65,14.80,14.96,14.63,5.80M,-0.89%
2017年2月14日,14.78,14.81,14.95,14.75,4.26M,-0.31%
2017年2月13日,14.83,14.64,14.95,14.59,11.37M,1.21%
2017年2月10日,14.65,14.66,14.80,14.64,7.24M,0.05%
2017年2月9日,14.65,14.65,14.69,14.57,7.61M,0.26%
2017年2月8日,14.61,14.62,14.63,14.46,6.74M,-0.26%
2017年2月7日,14.65,14.77,14.81,14.57,4.08M,-0.73%
2017年2月6日,14.75,14.69,14.77,14.55,6.23M,0.42%
2017年2月3日,14.69,14.69,14.91,14.54,5.57M,0.05%
2017年1月26日,14.69,14.74,14.77,14.66,4.12M,0.00%
2017年1月25日,14.69,14.69,14.87,14.66,6.34M,0.00%
2017年1月24日,14.69,14.95,14.95,14.65,7.12M,-1.65%
2017年1月23日,14.93,14.77,15.22,14.70,28.92M,0.57%
2017年1月20日,14.85,14.15,15.05,14.07,32.01M,5.00%
2017年1月19日,14.14,14.19,14.19,14.00,3.14M,-0.05%
2017年1月18日,14.15,14.28,14.31,14.05,5.12M,-1.08%
2017年1月17日,14.30,14.08,14.41,13.87,7.57M,1.75%
2017年1月16日,14.05,14.83,14.93,13.48,14.66M,-5.14%
2017年1月13日,14.81,15.92,15.92,14.70,19.16M,-6.78%
2017年1月12日,15.89,16.00,16.11,15.72,17.12M,-1.01%
2017年1月11日,16.05,16.15,16.28,15.95,6.79M,-0.38%
2017年1月10日,16.11,16.28,16.35,16.02,9.96M,-1.13%
2017年1月9日,16.30,16.46,16.49,16.14,5.81M,-0.75%
2017年1月6日,16.42,16.51,16.56,16.33,4.40M,-0.56%
2017年1月5日,16.51,16.51,16.58,16.44,4.34M,0.00%
2017年1月4日,16.51,16.22,16.59,16.14,9.07M,2.38%
2017年1月3日,16.13,16.15,16.35,16.10,6.14M,0.72%
2016年12月30日,16.01,16.21,16.30,15.95,6.16M,-1.47%
2016年12月29日,16.25,16.41,16.58,16.01,10.22M,-0.84%
2016年12月28日,16.39,16.59,16.68,16.38,11.79M,-1.39%
2016年12月27日,16.62,16.69,16.87,16.46,18.61M,-0.46%
2016年12月26日,16.70,16.73,16.78,16.32,9.16M,-0.78%
2016年12月23日,16.83,16.70,17.03,16.64,14.90M,0.78%
2016年12月22日,16.70,16.94,17.04,16.65,6.58M,-0.46%
2016年12月21日,16.78,16.77,16.83,16.55,12.94M,1.21%
2016年12月20日,16.58,16.78,16.99,16.15,17.54M,-1.14%
2016年12月19日,16.77,16.99,17.05,16.61,5.52M,-1.31%
2016年12月16日,16.99,17.07,17.22,16.96,6.69M,-0.45%
2016年12月15日,17.07,16.93,17.25,16.85,7.00M,-0.05%
2016年12月14日,17.08,17.10,17.15,16.78,8.15M,-0.54%
2016年12月13日,17.17,16.86,17.18,16.59,15.26M,0.54%
2016年12月12日,17.08,17.92,18.00,16.27,21.35M,-4.64%
2016年12月9日,17.91,18.05,18.22,17.80,8.70M,-0.47%
2016年12月8日,17.99,18.08,18.18,17.85,6.25M,-0.89%
2016年12月7日,18.15,17.95,18.22,17.68,8.15M,0.90%
2016年12月6日,17.99,18.23,18.34,17.97,11.59M,-0.94%
2016年12月5日,18.16,18.23,18.45,18.03,14.14M,-2.52%
2016年12月2日,18.63,18.81,19.03,18.17,32.56M,-1.14%
2016年12月1日,18.85,19.08,19.08,18.69,12.60M,-1.25%
2016年11月30日,19.08,18.58,19.10,18.54,23.40M,1.89%
2016年11月29日,18.73,18.73,19.14,18.57,15.25M,-0.17%
2016年11月28日,18.76,18.84,18.98,18.67,14.67M,-0.77%
2016年11月25日,18.91,18.22,19.04,18.08,46.49M,3.06%
2016年11月24日,18.35,17.99,18.63,17.63,28.65M,1.88%
2016年11月23日,18.01,18.20,18.35,17.94,9.38M,-1.18%
2016年11月22日,18.22,18.01,18.33,17.88,12.74M,1.24%
2016年11月21日,18.00,18.09,18.19,17.94,12.10M,-0.51%
2016年11月18日,18.09,18.41,18.42,18.04,12.13M,-1.09%
2016年11月17日,18.29,18.45,18.45,18.01,15.38M,-0.92%
2016年11月16日,18.46,18.56,18.64,18.37,10.01M,-0.62%
2016年11月15日,18.58,18.74,18.82,18.31,16.61M,-1.35%
2016年11月14日,18.83,18.42,18.85,18.28,18.69M,2.56%
2016年11月11日,18.36,18.65,18.75,18.20,16.33M,-2.10%
2016年11月10日,18.75,18.85,18.97,18.57,13.26M,0.33%
2016年11月9日,18.69,18.58,18.97,18.39,21.01M,0.20%
2016年11月8日,18.65,18.60,18.92,18.49,16.35M,0.41%
2016年11月7日,18.58,17.94,18.80,17.94,29.39M,3.12%
2016年11月4日,18.01,18.10,18.22,17.89,11.61M,-0.39%
2016年11月3日,18.08,17.66,18.25,17.61,21.49M,2.09%
2016年11月2日,17.72,17.47,17.89,17.39,15.14M,0.96%
2016年11月1日,17.55,17.58,17.63,17.41,6.58M,0.22%
2016年10月31日,17.51,17.54,17.61,17.14,7.50M,-0.70%
2016年10月28日,17.63,17.54,17.81,17.40,10.84M,0.22%
2016年10月27日,17.59,17.54,17.76,17.47,5.19M,-0.22%
2016年10月26日,17.63,17.78,17.78,17.52,8.12M,-0.82%
2016年10月25日,17.78,17.85,17.89,17.64,9.66M,-0.77%
2016年10月24日,17.92,18.04,18.35,17.83,18.60M,0.08%
2016年10月21日,17.90,17.58,17.95,17.35,16.72M,1.88%
2016年10月20日,17.57,17.62,17.76,17.47,8.10M,-0.78%
2016年10月19日,17.71,17.75,17.84,17.58,6.90M,-0.26%
2016年10月18日,17.75,17.30,17.89,17.08,13.55M,1.32%
2016年10月17日,17.52,17.92,18.01,17.46,8.41M,-2.19%
2016年10月14日,17.92,17.94,18.11,17.61,9.42M,-1.07%
2016年10月13日,18.11,18.00,18.13,17.89,8.05M,0.30%
2016年10月12日,18.05,17.89,18.26,17.88,8.89M,0.26%
2016年10月11日,18.01,18.08,18.21,17.89,9.80M,-0.59%
2016年10月10日,18.11,17.58,18.41,17.58,16.35M,4.11%
2016年9月30日,17.40,17.31,17.61,17.21,13.38M,0.49%
2016年9月29日,17.32,17.08,17.68,17.08,21.53M,1.21%
2016年9月28日,17.11,17.08,17.36,16.97,7.96M,-0.67%
2016年9月27日,17.22,16.76,17.25,16.35,22.27M,3.27%
2016年9月26日,16.68,17.62,17.72,16.66,23.51M,-5.94%
2016年9月23日,17.73,17.67,18.05,17.60,12.70M,0.48%
2016年9月22日,17.65,17.75,17.84,17.60,9.03M,-0.18%
2016年9月21日,17.68,17.55,17.83,17.40,10.90M,0.66%
2016年9月20日,17.56,17.61,17.82,17.46,7.13M,-0.57%
2016年9月19日,17.66,17.43,17.79,17.43,7.26M,1.24%
2016年9月14日,17.45,17.45,17.73,17.40,9.35M,-0.83%
2016年9月13日,17.59,17.82,17.96,17.45,11.91M,-0.74%
2016年9月12日,17.72,17.54,17.91,17.42,13.43M,-1.50%
2016年9月9日,17.99,18.43,18.43,17.89,20.60M,-2.95%
2016年9月8日,18.54,18.70,18.84,18.47,12.29M,-1.07%
2016年9月7日,18.74,18.73,19.00,18.58,17.74M,-0.13%
2016年9月6日,18.76,18.55,18.96,18.25,18.64M,0.66%
2016年9月5日,18.64,18.61,18.91,18.47,15.06M,0.21%
2016年9月2日,18.60,19.28,19.45,18.15,41.59M,-4.35%
2016年9月1日,19.45,20.04,20.12,19.24,28.79M,-3.51%
2016年8月31日,20.15,19.25,20.18,19.08,42.63M,3.93%
2016年8月30日,19.39,19.73,19.75,19.25,15.13M,-0.51%
2016年8月29日,19.49,19.46,19.62,19.08,19.04M,-0.71%
2016年8月26日,19.63,19.69,19.90,19.37,30.52M,-0.19%
2016年8月25日,19.67,19.05,19.86,18.70,32.08M,2.90%
2016年8月24日,19.11,19.02,19.48,18.98,18.39M,0.48%
2016年8月23日,19.02,19.50,19.57,18.70,25.33M,-1.90%
2016年8月22日,19.39,19.54,20.04,19.31,22.79M,-1.72%
2016年8月19日,19.73,19.43,19.89,19.08,30.51M,1.07%
2016年8月18日,19.52,19.61,20.08,19.49,37.83M,-1.24%
2016年8月17日,19.77,19.47,19.87,19.18,39.53M,0.51%
2016年8月16日,19.67,19.84,20.25,19.63,71.53M,-0.39%
2016年8月15日,19.75,17.96,19.75,17.85,66.89M,9.98%
2016年8月12日,17.95,17.94,18.04,17.31,25.22M,1.88%
2016年8月11日,17.62,18.31,18.38,17.58,28.29M,-4.10%
2016年8月10日,18.38,18.66,18.86,18.20,29.79M,-0.87%
2016年8月9日,18.54,18.49,18.81,18.37,33.89M,-1.87%
2016年8月8日,18.89,18.55,19.22,18.33,50.01M,2.29%
2016年8月5日,18.47,18.54,19.13,18.35,52.02M,-1.96%
2016年8月4日,18.84,17.34,18.96,17.25,63.16M,8.36%
2016年8月3日,17.39,17.04,17.42,16.66,32.17M,1.90%
2016年8月2日,17.06,17.14,17.45,16.66,28.72M,-1.77%
2016年8月1日,17.37,16.92,17.76,16.81,37.46M,-0.49%
2016年7月29日,17.45,17.25,17.85,16.54,52.00M,1.57%
2016年7月28日,17.18,17.91,18.22,17.10,48.59M,-4.73%
2016年7月27日,18.04,18.27,18.99,17.49,71.82M,-1.68%
2016年7月26日,18.35,18.21,18.39,17.89,35.42M,0.80%
2016年7月25日,18.20,18.33,18.51,17.77,44.22M,0.17%
2016年7月22日,18.17,17.07,18.53,17.01,81.07M,4.88%
2016年7月21日,17.32,16.15,17.77,16.03,72.50M,7.24%
2016年7月20日,16.15,15.92,16.44,15.72,35.71M,1.55%
2016年7月19日,15.91,15.46,15.91,15.43,26.40M,2.78%
2016年7月18日,15.48,15.48,15.58,15.23,18.06M,-0.64%
2016年7月15日,15.58,15.77,15.81,15.47,17.62M,-1.46%
2016年7月14日,15.81,15.69,15.94,15.58,27.67M,0.74%
2016年7月13日,15.69,15.66,15.89,15.53,35.18M,0.34%
2016年7月12日,15.64,15.18,15.68,14.85,41.09M,2.32%
2016年7月11日,15.28,15.04,15.68,15.04,38.97M,1.53%
2016年7月8日,15.05,14.92,15.19,14.89,15.32M,0.15%
2016年7月7日,15.03,15.28,15.30,14.78,22.37M,-1.56%
2016年7月6日,15.27,15.19,15.45,15.15,22.51M,0.10%
2016年7月5日,15.25,15.19,15.46,15.05,26.60M,0.45%
2016年7月4日,15.19,14.78,15.30,14.74,25.56M,1.97%
2016年7月1日,14.89,15.05,15.22,14.78,17.63M,-1.13%
2016年6月30日,15.06,15.05,15.13,14.85,18.43M,0.72%
2016年6月29日,14.95,15.22,15.27,14.87,25.72M,-1.42%
2016年6月28日,15.17,15.00,15.25,14.78,31.82M,0.56%
2016年6月27日,15.09,14.19,15.26,14.19,40.59M,5.15%
2016年6月24日,14.35,14.44,14.85,13.85,28.89M,-1.58%
2016年6月23日,14.58,14.35,14.74,14.12,27.82M,1.45%
2016年6月22日,14.37,13.75,14.40,13.72,19.36M,3.37%
2016年6月21日,13.90,14.28,14.52,13.81,19.86M,-2.01%
2016年6月20日,14.19,14.00,14.29,13.71,16.40M,-0.43%
2016年6月17日,14.25,14.25,14.61,14.14,17.31M,0.38%
2016年6月16日,14.19,14.22,14.45,14.01,17.92M,-0.16%
2016年6月15日,14.22,13.50,14.50,13.46,24.89M,3.24%
2016年6月14日,13.77,13.78,13.96,13.45,23.26M,-0.33%
2016年6月13日,13.81,14.87,14.97,13.78,29.56M,-8.65%
2016年6月8日,15.12,15.02,15.31,14.85,25.30M,0.51%
2016年6月7日,15.05,14.89,15.29,14.78,21.11M,0.88%
2016年6月6日,14.91,15.14,15.20,14.83,21.26M,-1.48%
2016年6月3日,15.14,14.92,15.46,14.68,43.39M,1.24%
2016年6月2日,14.95,14.86,15.05,14.66,32.76M,0.63%
2016年6月1日,14.86,14.66,15.17,14.63,50.44M,1.57%
2016年5月31日,14.63,13.40,14.63,13.38,41.73M,10.01%
2016年5月30日,13.30,13.22,13.46,13.09,11.60M,-0.46%
2016年5月27日,13.36,13.44,13.47,13.30,11.37M,-0.57%
2016年5月26日,13.44,13.39,13.47,12.93,15.70M,0.52%
2016年5月25日,13.37,13.49,13.69,13.28,14.88M,-0.06%
2016年5月24日,13.38,13.50,13.52,13.15,11.06M,-1.02%
2016年5月23日,13.52,13.41,13.65,13.37,13.13M,0.97%
2016年5月20日,13.39,12.91,13.40,12.85,13.88M,1.93%
2016年5月19日,13.13,13.07,13.49,13.00,16.15M,0.65%
2016年5月18日,13.05,13.39,13.39,12.83,17.96M,-3.80%
2016年5月17日,13.56,13.42,13.82,13.25,20.27M,1.04%
2016年5月16日,13.42,13.29,13.44,13.15,13.35M,1.39%
2016年5月13日,13.24,13.45,13.56,13.20,10.65M,-1.60%
2016年5月12日,13.45,13.25,13.64,12.93,15.92M,-0.45%
2016年5月11日,13.52,13.72,13.76,13.31,10.28M,-0.85%
2016年5月10日,13.63,13.54,13.73,13.49,11.03M,-0.50%
2016年5月9日,13.70,14.23,14.29,13.37,21.84M,-4.81%
2016年5月6日,14.39,15.24,15.48,14.37,22.89M,-5.51%
2016年5月5日,15.23,15.23,15.34,15.04,16.51M,-0.05%
2016年5月4日,15.24,15.14,15.38,15.02,20.03M,0.20%
2016年5月3日,15.21,14.61,15.28,14.54,22.78M,3.46%
2016年4月29日,14.70,14.73,14.85,14.58,13.73M,-0.93%
2016年4月28日,14.84,15.08,15.11,14.55,14.91M,-0.93%
2016年4月27日,14.98,15.06,15.08,14.86,11.76M,-0.25%
2016年4月26日,15.02,14.89,15.07,14.72,13.23M,2.09%
2016年4月25日,14.71,14.81,14.81,14.48,10.28M,-1.69%
2016年4月22日,14.96,14.82,14.99,14.58,14.09M,0.88%
2016年4月21日,14.83,14.97,15.32,14.71,19.08M,-1.53%
2016年4月20日,15.06,16.18,16.32,14.66,29.35M,-6.31%
2016年4月19日,16.08,16.39,16.42,15.91,15.17M,-0.43%
2016年4月18日,16.15,16.50,16.51,16.00,22.62M,-3.58%
2016年4月15日,16.75,16.94,17.03,16.56,22.09M,-0.73%
2016年4月14日,16.87,16.83,16.92,16.56,23.66M,1.01%
2016年4月13日,16.70,16.39,17.04,16.39,39.92M,2.31%
2016年4月12日,16.32,16.31,16.75,16.08,22.15M,-0.28%
2016年4月11日,16.37,16.30,16.64,16.25,22.96M,1.92%
2016年4月8日,16.06,16.02,16.09,15.78,22.17M,-1.38%
2016年4月7日,16.28,16.92,17.08,16.16,33.66M,-3.33%
2016年4月6日,16.85,16.96,17.13,16.66,32.60M,-1.71%
2016年4月5日,17.14,16.51,17.25,16.27,49.36M,-20.51%
2016年4月1日,21.56,20.63,21.68,20.47,36.83M,3.21%
2016年3月31日,20.89,21.16,21.32,20.80,25.71M,-1.46%
2016年3月30日,21.20,20.24,21.21,20.17,24.45M,5.84%
2016年3月29日,20.03,20.46,20.68,19.80,17.86M,-3.19%
2016年3月28日,20.69,20.78,21.25,20.45,19.09M,0.00%
2016年3月25日,20.69,20.62,21.00,20.22,21.84M,-0.14%
2016年3月24日,20.72,20.99,21.80,20.61,31.34M,-2.54%
2016年3月23日,21.26,20.73,21.29,20.60,25.66M,1.63%
2016年3月22日,20.92,20.91,21.09,20.50,32.56M,-1.69%
2016年3月21日,21.28,21.00,21.92,20.65,46.84M,1.87%
2016年3月18日,20.89,20.00,21.50,19.76,49.14M,3.67%
2016年3月17日,20.15,18.90,20.57,18.71,50.09M,7.01%
2016年3月16日,18.83,19.20,19.35,18.41,30.88M,-0.79%
2016年3月15日,18.98,19.15,19.54,18.69,49.71M,2.37%
2016年3月14日,18.54,17.02,18.54,17.02,23.61M,9.83%
2016年3月11日,16.88,16.74,17.13,16.55,8.49M,-0.35%
2016年3月10日,16.94,17.49,17.65,16.85,12.70M,-2.53%
2016年3月9日,17.38,17.53,17.97,17.00,14.43M,-3.01%
2016年3月8日,17.92,17.78,18.03,16.80,19.21M,0.22%
2016年3月7日,17.88,17.53,18.29,17.46,15.93M,3.47%
2016年3月4日,17.28,17.83,17.92,16.80,18.57M,-3.89%
2016年3月3日,17.98,17.70,18.81,17.57,23.51M,1.87%
2016年3月2日,17.65,16.75,17.83,16.65,20.60M,5.69%
2016年3月1日,16.70,16.38,16.95,16.08,14.62M,2.58%
2016年2月29日,16.28,17.80,18.00,16.26,20.24M,-9.86%
2016年2月26日,18.06,18.62,18.63,17.65,18.33M,-1.90%
2016年2月25日,18.41,20.38,20.44,18.41,25.14M,-9.93%
2016年2月24日,20.44,20.33,20.55,19.79,19.69M,0.00%
2016年2月23日,20.44,20.92,20.96,20.00,20.30M,-2.43%
2016年2月22日,20.95,20.65,20.95,20.36,26.20M,2.65%
2016年2月19日,20.41,20.37,20.77,20.22,21.40M,-0.54%
2016年2月18日,20.52,20.66,21.15,20.30,30.48M,-0.05%
2016年2月17日,20.53,20.35,20.59,19.91,28.80M,0.39%
2016年2月16日,20.45,18.71,20.45,18.65,38.16M,10.12%
2016年2月15日,18.57,18.48,18.78,17.98,18.23M,-2.77%
2016年2月5日,19.10,19.11,19.57,19.03,16.83M,-0.16%
2016年2月4日,19.13,18.80,19.44,18.80,19.57M,1.54%
2016年2月3日,18.84,18.60,18.89,18.24,16.84M,-0.84%
2016年2月2日,19.00,18.20,19.60,18.10,25.41M,4.97%
2016年2月1日,18.10,18.55,18.90,17.66,16.34M,-2.79%
2016年1月29日,18.62,17.76,18.91,17.76,19.67M,4.78%
2016年1月28日,17.77,17.89,18.80,17.61,19.94M,-1.66%
2016年1月27日,18.07,18.74,18.90,17.18,20.69M,-3.88%
2016年1月26日,18.80,20.58,20.69,18.80,23.14M,-10.05%
2016年1月25日,20.90,21.09,21.25,20.65,16.38M,0.29%
2016年1月22日,20.84,20.88,21.00,19.80,22.08M,3.07%
2016年1月21日,20.22,20.62,21.57,20.00,21.02M,-3.71%
2016年1月20日,21.00,21.18,21.47,20.60,19.39M,-2.28%
2016年1月19日,21.49,20.80,21.63,20.30,22.68M,3.32%
2016年1月18日,20.80,19.39,21.05,19.39,19.56M,3.28%
2016年1月15日,20.14,20.89,20.98,19.50,19.04M,-4.46%
2016年1月14日,21.08,19.50,21.20,19.31,22.22M,3.79%
2016年1月13日,20.31,22.49,22.58,20.19,22.87M,-8.43%
2016年1月12日,22.18,22.35,22.60,21.35,21.07M,0.05%
2016年1月11日,22.17,24.00,24.40,22.17,32.43M,-9.95%
2016年1月8日,24.62,25.66,26.00,23.00,26.94M,-2.84%
2016年1月7日,25.34,27.60,27.60,25.34,4.89M,-9.92%
2016年1月6日,28.13,27.88,28.24,27.00,18.94M,1.96%
2016年1月5日,27.59,27.00,28.46,25.90,30.17M,-3.63%
2016年1月4日,28.63,31.75,32.14,28.63,25.13M,-10.00%
